Workbook

Sheet Dashboard
A1: Total Transactions | B1: HIGH_RISK Transactions | C1: HIGH_RISK Rate | D1: Reviewed Transactions | E1: Confirmed Risk Reviews | F1: Confirmed Risk Rate
A2: =COUNTA(TransactionsTable[transaction_id]) -> 200 | B2: =COUNTIF(TransactionsTable[risk_flag],"HIGH_RISK") -> 61 | C2: =B2/A2 -> 0.305 | D2: =COUNTA(Table5[transaction_id]) -> 20 | E2: =Fact_Reviews!J6 -> 15 | F2: =Fact_Reviews!J6/Fact_Reviews!L6 -> 0.75
G5: Merchant_category | H5: HIGH_RISK Rate
G6: Corporate | H6: =_xlfn.XLOOKUP(G6,'Rule Effectiveness Analysis'!F4:F9,'Rule Effectiveness Analysis'!G4:G9) -> 0
G7: Crypto | H7: =_xlfn.XLOOKUP(G7,'Rule Effectiveness Analysis'!F5:F10,'Rule Effectiveness Analysis'!G5:G10) -> 0.53125
G8: Electronics | H8: =_xlfn.XLOOKUP(G8,'Rule Effectiveness Analysis'!F6:F11,'Rule Effectiveness Analysis'!G6:G11) -> 0.25
G9: Gambling | H9: =_xlfn.XLOOKUP(G9,'Rule Effectiveness Analysis'!F7:F12,'Rule Effectiveness Analysis'!G7:G12) -> 0.47368421
G10: Retail | H10: =_xlfn.XLOOKUP(G10,'Rule Effectiveness Analysis'!F8:F13,'Rule Effectiveness Analysis'!G8:G13) -> 0.075
G11: Travel | H11: =_xlfn.XLOOKUP(G11,'Rule Effectiveness Analysis'!F9:F14,'Rule Effectiveness Analysis'!G9:G14) -> 0.27272727
G21: Key Insights
G22: • Crypto has the highest HIGH_RISK rate (53.1%).
G23: • Gambling has the highest number of HIGH_RISK transactions (18).
G24: • Retail has the lowest HIGH_RISK rate (7.5%).
G25: • 15 of 20 manually reviewed HIGH_RISK transactions were classified as CONFIRMED_RISK.

Sheet Dim_Customers
A1: customer_id | B1: customer_segment | C1: account_age_days | D1: risk_category_initial
A2: C101 | B2: VIP | C2: 1200 | D2: Low
A3: C102 | B3: Retail | C3: 450 | D3: Low
A4: C103 | B4: Corporate | C4: 890 | D4: Low
A5: C104 | B5: Retail | C5: 15 | D5: High
A6: C105 | B6: Retail | C6: 320 | D6: Medium
A7: C106 | B7: VIP | C7: 2100 | D7: Low
A8: C107 | B8: Retail | C8: 8 | D8: High
A9: C108 | B9: Corporate | C9: 1400 | D9: Low
A10: C109 | B10: Retail | C10: 60 | D10: Medium
A11: C110 | B11: VIP | C11: 950 | D11: Low
A12: C111 | B12: Retail | C12: 66 | D12: Low
A13: C112 | B13: Retail | C13: 10 | D13: Low
... A21: C120 | B21: VIP | C21: 1671 | D21: High

Sheet Dim_Channels
A1: channel_id | B1: channel_name
A2: CH1 | B2: ATM
A3: CH2 | B3: POS
A4: CH3 | B4: ONLINE
A5: CH4 | B5: MOBILE

Sheet Fact_Transactions
A1: transaction_id | B1: transaction_timestamp | C1: customer_id | D1: channel_id | E1: amount | F1: status | G1: is_night_transaction | H1: merchant_category | I1: customer_segment | J1: channel_name | K1: account_age_days | L1: risk_flag | M1: manual_review_priority | N1: customer_risk_score
A2: T1001 | B2: 46082.333 | C2: C101 | D2: CH3 | E2: 2600 | F2: ACCEPTED | G2: 0 | H2: Retail | I2: =_xlfn.XLOOKUP(C2, CustomersTable[customer_id], CustomersTable[customer_segment]) -> VIP | J2: =_xlfn.XLOOKUP(D2,ChannelsTable[channel_id],ChannelsTable[channel_name]) -> ONLINE | K2: =_xlfn.XLOOKUP(C2, CustomersTable[customer_id], CustomersTable[account_age_days]) -> 1200 | L2: =IF(OR(AND(TransactionsTable[[#This Row],[is_night_transaction]]=1, TransactionsTable[[#This Row],[amount]]>3000), AND(OR(TransactionsTable[[#This Row],[merchant_category]]="Crypto", TransactionsTable[[#This Row],[merchant_category]]="Gambling"), TransactionsTable[[#This Row],[status]]="DECLINED")), "HIGH_RISK", "NORMAL") -> NORMAL | M2: {=_xlfn.IFS(AND(L2="HIGH_RISK", OR(I2="VIP", I2="Corporate")), "URGENT",AND(L2="HIGH_RISK", I2="Retail"), "HIGH",F2="DECLINED", "MEDIUM",TRUE, "LOW")} -> LOW | N2: =_xlfn.XLOOKUP(TransactionsTable[[#This Row],[customer_id]],Table4[customer_id],Table4[risk_score]) -> 1
A3: T1002 | B3: 46082.396 | C3: C104 | D3: CH3 | E3: 2500 | F3: DECLINED | G3: 0 | H3: Electronics | I3: =_xlfn.XLOOKUP(C3, CustomersTable[customer_id], CustomersTable[customer_segment]) -> Retail | J3: =_xlfn.XLOOKUP(D3,ChannelsTable[channel_id],ChannelsTable[channel_name]) -> ONLINE | K3: =_xlfn.XLOOKUP(C3, CustomersTable[customer_id], CustomersTable[account_age_days]) -> 15 | L3: =IF(OR(AND(TransactionsTable[[#This Row],[is_night_transaction]]=1, TransactionsTable[[#This Row],[amount]]>3000), AND(OR(TransactionsTable[[#This Row],[merchant_category]]="Crypto", TransactionsTable[[#This Row],[merchant_category]]="Gambling"), TransactionsTable[[#This Row],[status]]="DECLINED")), "HIGH_RISK", "NORMAL") -> NORMAL | M3: {=_xlfn.IFS(AND(L3="HIGH_RISK", OR(I3="VIP", I3="Corporate")), "URGENT",AND(L3="HIGH_RISK", I3="Retail"), "HIGH",F3="DECLINED", "MEDIUM",TRUE, "LOW")} -> MEDIUM | N3: =_xlfn.XLOOKUP(TransactionsTable[[#This Row],[customer_id]],Table4[customer_id],Table4[risk_score]) -> 3
A4: T1003 | B4: 46082.093 | C4: C107 | D4: CH3 | E4: 4800 | F4: DECLINED | G4: 1 | H4: Crypto | I4: =_xlfn.XLOOKUP(C4, CustomersTable[customer_id], CustomersTable[customer_segment]) -> Retail | J4: =_xlfn.XLOOKUP(D4,ChannelsTable[channel_id],ChannelsTable[channel_name]) -> ONLINE | K4: =_xlfn.XLOOKUP(C4, CustomersTable[customer_id], CustomersTable[account_age_days]) -> 8 | L4: =IF(OR(AND(TransactionsTable[[#This Row],[is_night_transaction]]=1, TransactionsTable[[#This Row],[amount]]>3000), AND(OR(TransactionsTable[[#This Row],[merchant_category]]="Crypto", TransactionsTable[[#This Row],[merchant_category]]="Gambling"), TransactionsTable[[#This Row],[status]]="DECLINED")), "HIGH_RISK", "NORMAL") -> HIGH_RISK | M4: {=_xlfn.IFS(AND(L4="HIGH_RISK", OR(I4="VIP", I4="Corporate")), "URGENT",AND(L4="HIGH_RISK", I4="Retail"), "HIGH",F4="DECLINED", "MEDIUM",TRUE, "LOW")} -> HIGH | N4: =_xlfn.XLOOKUP(TransactionsTable[[#This Row],[customer_id]],Table4[customer_id],Table4[risk_score]) -> 2
A5: T1004 | B5: 46082.49 | C5: C102 | D5: CH1 | E5: 200 | F5: ACCEPTED | G5: 0 | H5: Retail | I5: =_xlfn.XLOOKUP(C5, CustomersTable[customer_id], CustomersTable[customer_segment]) -> Retail | J5: =_xlfn.XLOOKUP(D5,ChannelsTable[channel_id],ChannelsTable[channel_name]) -> ATM | K5: =_xlfn.XLOOKUP(C5, CustomersTable[customer_id], CustomersTable[account_age_days]) -> 450 | L5: =IF(OR(AND(TransactionsTable[[#This Row],[is_night_transaction]]=1, TransactionsTable[[#This Row],[amount]]>3000), AND(OR(TransactionsTable[[#This Row],[merchant_category]]="Crypto", TransactionsTable[[#This Row],[merchant_category]]="Gambling"), TransactionsTable[[#This Row],[status]]="DECLINED")), "HIGH_RISK", "NORMAL") -> NORMAL | M5: {=_xlfn.IFS(AND(L5="HIGH_RISK", OR(I5="VIP", I5="Corporate")), "URGENT",AND(L5="HIGH_RISK", I5="Retail"), "HIGH",F5="DECLINED", "MEDIUM",TRUE, "LOW")} -> LOW | N5: =_xlfn.XLOOKUP(TransactionsTable[[#This Row],[customer_id]],Table4[customer_id],Table4[risk_score]) -> 0
A6: T1005 | B6: 46082.597 | C6: C105 | D6: CH3 | E6: 1200 | F6: ACCEPTED | G6: 0 | H6: Travel | I6: =_xlfn.XLOOKUP(C6, CustomersTable[customer_id], CustomersTable[customer_segment]) -> Retail | J6: =_xlfn.XLOOKUP(D6,ChannelsTable[channel_id],ChannelsTable[channel_name]) -> ONLINE | K6: =_xlfn.XLOOKUP(C6, CustomersTable[customer_id], CustomersTable[account_age_days]) -> 320 | L6: =IF(OR(AND(TransactionsTable[[#This Row],[is_night_transaction]]=1, TransactionsTable[[#This Row],[amount]]>3000), AND(OR(TransactionsTable[[#This Row],[merchant_category]]="Crypto", TransactionsTable[[#This Row],[merchant_category]]="Gambling"), TransactionsTable[[#This Row],[status]]="DECLINED")), "HIGH_RISK", "NORMAL") -> NORMAL | M6: {=_xlfn.IFS(AND(L6="HIGH_RISK", OR(I6="VIP", I6="Corporate")), "URGENT",AND(L6="HIGH_RISK", I6="Retail"), "HIGH",F6="DECLINED", "MEDIUM",TRUE, "LOW")} -> LOW | N6: =_xlfn.XLOOKUP(TransactionsTable[[#This Row],[customer_id]],Table4[customer_id],Table4[risk_score]) -> 2
A7: T1006 | B7: 46082.993 | C7: C104 | D7: CH3 | E7: 3100 | F7: DECLINED | G7: 1 | H7: Gambling | I7: =_xlfn.XLOOKUP(C7, CustomersTable[customer_id], CustomersTable[customer_segment]) -> Retail | J7: =_xlfn.XLOOKUP(D7,ChannelsTable[channel_id],ChannelsTable[channel_name]) -> ONLINE | K7: =_xlfn.XLOOKUP(C7, CustomersTable[customer_id], CustomersTable[account_age_days]) -> 15 | L7: =IF(OR(AND(TransactionsTable[[#This Row],[is_night_transaction]]=1, TransactionsTable[[#This Row],[amount]]>3000), AND(OR(TransactionsTable[[#This Row],[merchant_category]]="Crypto", TransactionsTable[[#This Row],[merchant_category]]="Gambling"), TransactionsTable[[#This Row],[status]]="DECLINED")), "HIGH_RISK", "NORMAL") -> HIGH_RISK | M7: {=_xlfn.IFS(AND(L7="HIGH_RISK", OR(I7="VIP", I7="Corporate")), "URGENT",AND(L7="HIGH_RISK", I7="Retail"), "HIGH",F7="DECLINED", "MEDIUM",TRUE, "LOW")} -> HIGH | N7: =_xlfn.XLOOKUP(TransactionsTable[[#This Row],[customer_id]],Table4[customer_id],Table4[risk_score]) -> 3
A8: T1007 | B8: 46083.049 | C8: C109 | D8: CH4 | E8: 850 | F8: ACCEPTED | G8: 1 | H8: Retail | I8: =_xlfn.XLOOKUP(C8, CustomersTable[customer_id], CustomersTable[customer_segment]) -> Retail | J8: =_xlfn.XLOOKUP(D8,ChannelsTable[channel_id],ChannelsTable[channel_name]) -> MOBILE | K8: =_xlfn.XLOOKUP(C8, CustomersTable[customer_id], CustomersTable[account_age_days]) -> 60 | L8: =IF(OR(AND(TransactionsTable[[#This Row],[is_night_transaction]]=1, TransactionsTable[[#This Row],[amount]]>3000), AND(OR(TransactionsTable[[#This Row],[merchant_category]]="Crypto", TransactionsTable[[#This Row],[merchant_category]]="Gambling"), TransactionsTable[[#This Row],[status]]="DECLINED")), "HIGH_RISK", "NORMAL") -> NORMAL | M8: {=_xlfn.IFS(AND(L8="HIGH_RISK", OR(I8="VIP", I8="Corporate")), "URGENT",AND(L8="HIGH_RISK", I8="Retail"), "HIGH",F8="DECLINED", "MEDIUM",TRUE, "LOW")} -> LOW | N8: =_xlfn.XLOOKUP(TransactionsTable[[#This Row],[customer_id]],Table4[customer_id],Table4[risk_score]) -> 3
A9: T1008 | B9: 46083.142 | C9: C107 | D9: CH3 | E9: 6200 | F9: DECLINED | G9: 1 | H9: Crypto | I9: =_xlfn.XLOOKUP(C9, CustomersTable[customer_id], CustomersTable[customer_segment]) -> Retail | J9: =_xlfn.XLOOKUP(D9,ChannelsTable[channel_id],ChannelsTable[channel_name]) -> ONLINE | K9: =_xlfn.XLOOKUP(C9, CustomersTable[customer_id], CustomersTable[account_age_days]) -> 8 | L9: =IF(OR(AND(TransactionsTable[[#This Row],[is_night_transaction]]=1, TransactionsTable[[#This Row],[amount]]>3000), AND(OR(TransactionsTable[[#This Row],[merchant_category]]="Crypto", TransactionsTable[[#This Row],[merchant_category]]="Gambling"), TransactionsTable[[#This Row],[status]]="DECLINED")), "HIGH_RISK", "NORMAL") -> HIGH_RISK | M9: {=_xlfn.IFS(AND(L9="HIGH_RISK", OR(I9="VIP", I9="Corporate")), "URGENT",AND(L9="HIGH_RISK", I9="Retail"), "HIGH",F9="DECLINED", "MEDIUM",TRUE, "LOW")} -> HIGH | N9: =_xlfn.XLOOKUP(TransactionsTable[[#This Row],[customer_id]],Table4[customer_id],Table4[risk_score]) -> 2
A10: T1009 | B10: 46083.42 | C10: C103 | D10: CH2 | E10: 15000 | F10: ACCEPTED | G10: 0 | H10: Retail | I10: =_xlfn.XLOOKUP(C10, CustomersTable[customer_id], CustomersTable[customer_segment]) -> Corporate | J10: =_xlfn.XLOOKUP(D10,ChannelsTable[channel_id],ChannelsTable[channel_name]) -> POS | K10: =_xlfn.XLOOKUP(C10, CustomersTable[customer_id], CustomersTable[account_age_days]) -> 890 | L10: =IF(OR(AND(TransactionsTable[[#This Row],[is_night_transaction]]=1, TransactionsTable[[#This Row],[amount]]>3000), AND(OR(TransactionsTable[[#This Row],[merchant_category]]="Crypto", TransactionsTable[[#This Row],[merchant_category]]="Gambling"), TransactionsTable[[#This Row],[status]]="DECLINED")), "HIGH_RISK", "NORMAL") -> NORMAL | M10: {=_xlfn.IFS(AND(L10="HIGH_RISK", OR(I10="VIP", I10="Corporate")), "URGENT",AND(L10="HIGH_RISK", I10="Retail"), "HIGH",F10="DECLINED", "MEDIUM",TRUE, "LOW")} -> LOW | N10: =_xlfn.XLOOKUP(TransactionsTable[[#This Row],[customer_id]],Table4[customer_id],Table4[risk_score]) -> 0
A11: T1010 | B11: 46083.552 | C11: C106 | D11: CH3 | E11: 4500 | F11: ACCEPTED | G11: 0 | H11: Travel | I11: =_xlfn.XLOOKUP(C11, CustomersTable[customer_id], CustomersTable[customer_segment]) -> VIP | J11: =_xlfn.XLOOKUP(D11,ChannelsTable[channel_id],ChannelsTable[channel_name]) -> ONLINE | K11: =_xlfn.XLOOKUP(C11, CustomersTable[customer_id], CustomersTable[account_age_days]) -> 2100 | L11: =IF(OR(AND(TransactionsTable[[#This Row],[is_night_transaction]]=1, TransactionsTable[[#This Row],[amount]]>3000), AND(OR(TransactionsTable[[#This Row],[merchant_category]]="Crypto", TransactionsTable[[#This Row],[merchant_category]]="Gambling"), TransactionsTable[[#This Row],[status]]="DECLINED")), "HIGH_RISK", "NORMAL") -> NORMAL | M11: {=_xlfn.IFS(AND(L11="HIGH_RISK", OR(I11="VIP", I11="Corporate")), "URGENT",AND(L11="HIGH_RISK", I11="Retail"), "HIGH",F11="DECLINED", "MEDIUM",TRUE, "LOW")} -> LOW | N11: =_xlfn.XLOOKUP(TransactionsTable[[#This Row],[customer_id]],Table4[customer_id],Table4[risk_score]) -> 1
A12: T1011 | B12: 46083.694 | C12: C105 | D12: CH2 | E12: 90 | F12: ACCEPTED | G12: 0 | H12: Retail | I12: =_xlfn.XLOOKUP(C12, CustomersTable[customer_id], CustomersTable[customer_segment]) -> Retail | J12: =_xlfn.XLOOKUP(D12,ChannelsTable[channel_id],ChannelsTable[channel_name]) -> POS | K12: =_xlfn.XLOOKUP(C12, CustomersTable[customer_id], CustomersTable[account_age_days]) -> 320 | L12: =IF(OR(AND(TransactionsTable[[#This Row],[is_night_transaction]]=1, TransactionsTable[[#This Row],[amount]]>3000), AND(OR(TransactionsTable[[#This Row],[merchant_category]]="Crypto", TransactionsTable[[#This Row],[merchant_category]]="Gambling"), TransactionsTable[[#This Row],[status]]="DECLINED")), "HIGH_RISK", "NORMAL") -> NORMAL | M12: {=_xlfn.IFS(AND(L12="HIGH_RISK", OR(I12="VIP", I12="Corporate")), "URGENT",AND(L12="HIGH_RISK", I12="Retail"), "HIGH",F12="DECLINED", "MEDIUM",TRUE, "LOW")} -> LOW | N12: =_xlfn.XLOOKUP(TransactionsTable[[#This Row],[customer_id]],Table4[customer_id],Table4[risk_score]) -> 2
A13: T1012 | B13: 46083.924 | C13: C108 | D13: CH3 | E13: 12000 | F13: ACCEPTED | G13: 0 | H13: Corporate | I13: =_xlfn.XLOOKUP(C13, CustomersTable[customer_id], CustomersTable[customer_segment]) -> Corporate | J13: =_xlfn.XLOOKUP(D13,ChannelsTable[channel_id],ChannelsTable[channel_name]) -> ONLINE | K13: =_xlfn.XLOOKUP(C13, CustomersTable[customer_id], CustomersTable[account_age_days]) -> 1400 | L13: =IF(OR(AND(TransactionsTable[[#This Row],[is_night_transaction]]=1, TransactionsTable[[#This Row],[amount]]>3000), AND(OR(TransactionsTable[[#This Row],[merchant_category]]="Crypto", TransactionsTable[[#This Row],[merchant_category]]="Gambling"), TransactionsTable[[#This Row],[status]]="DECLINED")), "HIGH_RISK", "NORMAL") -> NORMAL | M13: {=_xlfn.IFS(AND(L13="HIGH_RISK", OR(I13="VIP", I13="Corporate")), "URGENT",AND(L13="HIGH_RISK", I13="Retail"), "HIGH",F13="DECLINED", "MEDIUM",TRUE, "LOW")} -> LOW | N13: =_xlfn.XLOOKUP(TransactionsTable[[#This Row],[customer_id]],Table4[customer_id],Table4[risk_score]) -> 0
... A201: T1200 | B201: 46112.887 | C201: C108 | D201: CH2 | E201: 3707 | F201: ACCEPTED | G201: 0 | H201: Crypto | I201: =_xlfn.XLOOKUP(C201, CustomersTable[customer_id], CustomersTable[customer_segment]) -> Corporate | J201: =_xlfn.XLOOKUP(D201,ChannelsTable[channel_id],ChannelsTable[channel_name]) -> POS | K201: =_xlfn.XLOOKUP(C201, CustomersTable[customer_id], CustomersTable[account_age_days]) -> 1400 | L201: =IF(OR(AND(TransactionsTable[[#This Row],[is_night_transaction]]=1, TransactionsTable[[#This Row],[amount]]>3000), AND(OR(TransactionsTable[[#This Row],[merchant_category]]="Crypto", TransactionsTable[[#This Row],[merchant_category]]="Gambling"), TransactionsTable[[#This Row],[status]]="DECLINED")), "HIGH_RISK", "NORMAL") -> NORMAL | M201: {=_xlfn.IFS(AND(L201="HIGH_RISK", OR(I201="VIP", I201="Corporate")), "URGENT",AND(L201="HIGH_RISK", I201="Retail"), "HIGH",F201="DECLINED", "MEDIUM",TRUE, "LOW")} -> LOW | N201: =_xlfn.XLOOKUP(TransactionsTable[[#This Row],[customer_id]],Table4[customer_id],Table4[risk_score]) -> 0

Sheet Transactions by Priority
A1: Priority | B1: Transaction Count | C1: Total Amount | D1: % of Total Transactions
A2: URGENT | B2: =COUNTIF(TransactionsTable[manual_review_priority], "URGENT") -> 21 | C2: =SUMIF(TransactionsTable[manual_review_priority],"URGENT",TransactionsTable[amount]) -> 186174 | D2: =B2/COUNTA(TransactionsTable[transaction_id]) -> 0.105
A3: HIGH | B3: =COUNTIF(TransactionsTable[manual_review_priority], "HIGH") -> 40 | C3: =SUMIF(TransactionsTable[manual_review_priority],"HIGH",TransactionsTable[amount]) -> 291653 | D3: =B3/COUNTA(TransactionsTable[transaction_id]) -> 0.2
A4: MEDIUM | B4: =COUNTIF(TransactionsTable[manual_review_priority], "MEDIUM") -> 10 | C4: =SUMIF(TransactionsTable[manual_review_priority],"MEDIUM",TransactionsTable[amount]) -> 43952 | D4: =B4/COUNTA(TransactionsTable[transaction_id]) -> 0.05
A5: LOW | B5: =COUNTIF(TransactionsTable[manual_review_priority], "LOW") -> 129 | C5: =SUMIF(TransactionsTable[manual_review_priority],"LOW",TransactionsTable[amount]) -> 424835 | D5: =B5/COUNTA(TransactionsTable[transaction_id]) -> 0.645

Sheet Transactions by Customer Risk 
A3: Count of transaction_id | B3: risk_flag
A4: customer_risk_score | B4: HIGH_RISK | C4: NORMAL | D4: Grand Total
A5: 0 | B5: 16 | C5: 55 | D5: 71
A6: 1 | B6: 13 | C6: 46 | D6: 59
A7: 2 | B7: 15 | C7: 15 | D7: 30
A8: 3 | B8: 17 | C8: 23 | D8: 40
A9: Grand Total | B9: 61 | C9: 139 | D9: 200

Sheet Risk by Channel
A3: Sum of amount | B3: risk_flag
A4: channel_name | B4: HIGH_RISK | C4: NORMAL | D4: Grand Total
A5: ATM | B5: 69927 | C5: 83947 | D5: 153874
A6: MOBILE | B6: 74043 | C6: 64204 | D6: 138247
A7: ONLINE | B7: 224820 | C7: 182693 | D7: 407513
A8: POS | B8: 109037 | C8: 135343 | D8: 244380
A9: #N/A | C9: 600 | D9: 600
A10: Grand Total | B10: 477827 | C10: 466787 | D10: 944614

Sheet Priority by Segment
A3: Count of transaction_id | B3: manual_review_priority
A4: customer_segment | B4: LOW | C4: MEDIUM | D4: HIGH | E4: URGENT
A5: Corporate | B5: 19 | C5: 1 | D5: 0 | E5: 6
A6: Retail | B6: 60 | C6: 5 | D6: 40 | E6: 0
A7: VIP | B7: 50 | C7: 4 | D7: 0 | E7: 15
A8: Grand Total | B8: 129 | C8: 10 | D8: 40 | E8: 21

Sheet Customer_Risk_Profile
A1: customer_id | B1: transaction_count | C1: total_amount | D1: avg_amount | E1: decline_count | F1: decline_rate | G1: night_transaction_rate | H1: high_risk_count | I1: high_decline_flag | J1: night_activity_flag | K1: high_risk_tx_flag | L1: high_activity_flag | M1: risk_score
A2: C101 | B2: =COUNTIF(TransactionsTable[customer_id],Customer_Risk_Profile!A2) -> 17 | C2: =SUMIF(TransactionsTable[customer_id],Customer_Risk_Profile!A2,TransactionsTable[amount]) -> 62504 | D2: =C2/B2 -> 3676.7059 | E2: =COUNTIFS(TransactionsTable[customer_id],A2,TransactionsTable[status],"DECLINED") -> 2 | F2: =IFERROR(E2/B2,0) -> 0.11764706 | G2: =COUNTIFS(TransactionsTable[customer_id],Table4[[#This Row],[customer_id]],TransactionsTable[is_night_transaction],1)/Table4[[#This Row],[transaction_count]] -> 0.29411765 | H2: =COUNTIFS(TransactionsTable[customer_id],Table4[[#This Row],[customer_id]],TransactionsTable[risk_flag],"HIGH_RISK") -> 3 | I2: =IF(Table4[[#This Row],[decline_rate]]>=40%,"HIGH_DECLINE","NORMAL") -> NORMAL | J2: =IF(Table4[[#This Row],[night_transaction_rate]]>=50%,"HIGH_ACTIVITY","NORMAL") -> NORMAL | K2: =IF(Table4[[#This Row],[high_risk_count]]>=5,"HIGH_RISK_ACTIVITY","NORMAL") -> NORMAL | L2: =IF(Table4[[#This Row],[transaction_count]]>=15,"HIGH_ACTIVITY","NORMAL") -> HIGH_ACTIVITY | M2: =IF(Table4[[#This Row],[high_decline_flag]]="HIGH_DECLINE",1,0)+IF(Table4[[#This Row],[night_activity_flag]]="HIGH_ACTIVITY",1,0)+IF(Table4[[#This Row],[high_risk_tx_flag]]="HIGH_RISK_ACTIVITY",2,0)+IF(Table4[[#This Row],[high_activity_flag]]="HIGH_ACTIVITY",1,0) -> 1
A3: C102 | B3: =COUNTIF(TransactionsTable[customer_id],Customer_Risk_Profile!A3) -> 7 | C3: =SUMIF(TransactionsTable[customer_id],Customer_Risk_Profile!A3,TransactionsTable[amount]) -> 17154 | D3: =C3/B3 -> 2450.5714 | E3: =COUNTIFS(TransactionsTable[customer_id],A3,TransactionsTable[status],"DECLINED") -> 2 | F3: =IFERROR(E3/B3,0) -> 0.28571429 | G3: =COUNTIFS(TransactionsTable[customer_id],Table4[[#This Row],[customer_id]],TransactionsTable[is_night_transaction],1)/Table4[[#This Row],[transaction_count]] -> 0.14285714 | H3: =COUNTIFS(TransactionsTable[customer_id],Table4[[#This Row],[customer_id]],TransactionsTable[risk_flag],"HIGH_RISK") -> 2 | I3: =IF(Table4[[#This Row],[decline_rate]]>=40%,"HIGH_DECLINE","NORMAL") -> NORMAL | J3: =IF(Table4[[#This Row],[night_transaction_rate]]>=50%,"HIGH_ACTIVITY","NORMAL") -> NORMAL | K3: =IF(Table4[[#This Row],[high_risk_count]]>=5,"HIGH_RISK_ACTIVITY","NORMAL") -> NORMAL | L3: =IF(Table4[[#This Row],[transaction_count]]>=15,"HIGH_ACTIVITY","NORMAL") -> NORMAL | M3: =IF(Table4[[#This Row],[high_decline_flag]]="HIGH_DECLINE",1,0)+IF(Table4[[#This Row],[night_activity_flag]]="HIGH_ACTIVITY",1,0)+IF(Table4[[#This Row],[high_risk_tx_flag]]="HIGH_RISK_ACTIVITY",2,0)+IF(Table4[[#This Row],[high_activity_flag]]="HIGH_ACTIVITY",1,0) -> 0
A4: C103 | B4: =COUNTIF(TransactionsTable[customer_id],Customer_Risk_Profile!A4) -> 7 | C4: =SUMIF(TransactionsTable[customer_id],Customer_Risk_Profile!A4,TransactionsTable[amount]) -> 43924 | D4: =C4/B4 -> 6274.8571 | E4: =COUNTIFS(TransactionsTable[customer_id],A4,TransactionsTable[status],"DECLINED") -> 0 | F4: =IFERROR(E4/B4,0) -> 0 | G4: =COUNTIFS(TransactionsTable[customer_id],Table4[[#This Row],[customer_id]],TransactionsTable[is_night_transaction],1)/Table4[[#This Row],[transaction_count]] -> 0.14285714 | H4: =COUNTIFS(TransactionsTable[customer_id],Table4[[#This Row],[customer_id]],TransactionsTable[risk_flag],"HIGH_RISK") -> 0 | I4: =IF(Table4[[#This Row],[decline_rate]]>=40%,"HIGH_DECLINE","NORMAL") -> NORMAL | J4: =IF(Table4[[#This Row],[night_transaction_rate]]>=50%,"HIGH_ACTIVITY","NORMAL") -> NORMAL | K4: =IF(Table4[[#This Row],[high_risk_count]]>=5,"HIGH_RISK_ACTIVITY","NORMAL") -> NORMAL | L4: =IF(Table4[[#This Row],[transaction_count]]>=15,"HIGH_ACTIVITY","NORMAL") -> NORMAL | M4: =IF(Table4[[#This Row],[high_decline_flag]]="HIGH_DECLINE",1,0)+IF(Table4[[#This Row],[night_activity_flag]]="HIGH_ACTIVITY",1,0)+IF(Table4[[#This Row],[high_risk_tx_flag]]="HIGH_RISK_ACTIVITY",2,0)+IF(Table4[[#This Row],[high_activity_flag]]="HIGH_ACTIVITY",1,0) -> 0
A5: C104 | B5: =COUNTIF(TransactionsTable[customer_id],Customer_Risk_Profile!A5) -> 21 | C5: =SUMIF(TransactionsTable[customer_id],Customer_Risk_Profile!A5,TransactionsTable[amount]) -> 101902 | D5: =C5/B5 -> 4852.4762 | E5: =COUNTIFS(TransactionsTable[customer_id],A5,TransactionsTable[status],"DECLINED") -> 7 | F5: =IFERROR(E5/B5,0) -> 0.33333333 | G5: =COUNTIFS(TransactionsTable[customer_id],Table4[[#This Row],[customer_id]],TransactionsTable[is_night_transaction],1)/Table4[[#This Row],[transaction_count]] -> 0.38095238 | H5: =COUNTIFS(TransactionsTable[customer_id],Table4[[#This Row],[customer_id]],TransactionsTable[risk_flag],"HIGH_RISK") -> 8 | I5: =IF(Table4[[#This Row],[decline_rate]]>=40%,"HIGH_DECLINE","NORMAL") -> NORMAL | J5: =IF(Table4[[#This Row],[night_transaction_rate]]>=50%,"HIGH_ACTIVITY","NORMAL") -> NORMAL | K5: =IF(Table4[[#This Row],[high_risk_count]]>=5,"HIGH_RISK_ACTIVITY","NORMAL") -> HIGH_RISK_ACTIVITY | L5: =IF(Table4[[#This Row],[transaction_count]]>=15,"HIGH_ACTIVITY","NORMAL") -> HIGH_ACTIVITY | M5: =IF(Table4[[#This Row],[high_decline_flag]]="HIGH_DECLINE",1,0)+IF(Table4[[#This Row],[night_activity_flag]]="HIGH_ACTIVITY",1,0)+IF(Table4[[#This Row],[high_risk_tx_flag]]="HIGH_RISK_ACTIVITY",2,0)+IF(Table4[[#This Row],[high_activity_flag]]="HIGH_ACTIVITY",1,0) -> 3
A6: C105 | B6: =COUNTIF(TransactionsTable[customer_id],Customer_Risk_Profile!A6) -> 12 | C6: =SUMIF(TransactionsTable[customer_id],Customer_Risk_Profile!A6,TransactionsTable[amount]) -> 44335 | D6: =C6/B6 -> 3694.5833 | E6: =COUNTIFS(TransactionsTable[customer_id],A6,TransactionsTable[status],"DECLINED") -> 4 | F6: =IFERROR(E6/B6,0) -> 0.33333333 | G6: =COUNTIFS(TransactionsTable[customer_id],Table4[[#This Row],[customer_id]],TransactionsTable[is_night_transaction],1)/Table4[[#This Row],[transaction_count]] -> 0.33333333 | H6: =COUNTIFS(TransactionsTable[customer_id],Table4[[#This Row],[customer_id]],TransactionsTable[risk_flag],"HIGH_RISK") -> 6 | I6: =IF(Table4[[#This Row],[decline_rate]]>=40%,"HIGH_DECLINE","NORMAL") -> NORMAL | J6: =IF(Table4[[#This Row],[night_transaction_rate]]>=50%,"HIGH_ACTIVITY","NORMAL") -> NORMAL | K6: =IF(Table4[[#This Row],[high_risk_count]]>=5,"HIGH_RISK_ACTIVITY","NORMAL") -> HIGH_RISK_ACTIVITY | L6: =IF(Table4[[#This Row],[transaction_count]]>=15,"HIGH_ACTIVITY","NORMAL") -> NORMAL | M6: =IF(Table4[[#This Row],[high_decline_flag]]="HIGH_DECLINE",1,0)+IF(Table4[[#This Row],[night_activity_flag]]="HIGH_ACTIVITY",1,0)+IF(Table4[[#This Row],[high_risk_tx_flag]]="HIGH_RISK_ACTIVITY",2,0)+IF(Table4[[#This Row],[high_activity_flag]]="HIGH_ACTIVITY",1,0) -> 2
A7: C106 | B7: =COUNTIF(TransactionsTable[customer_id],Customer_Risk_Profile!A7) -> 14 | C7: =SUMIF(TransactionsTable[customer_id],Customer_Risk_Profile!A7,TransactionsTable[amount]) -> 74503 | D7: =C7/B7 -> 5321.6429 | E7: =COUNTIFS(TransactionsTable[customer_id],A7,TransactionsTable[status],"DECLINED") -> 6 | F7: =IFERROR(E7/B7,0) -> 0.42857143 | G7: =COUNTIFS(TransactionsTable[customer_id],Table4[[#This Row],[customer_id]],TransactionsTable[is_night_transaction],1)/Table4[[#This Row],[transaction_count]] -> 0.35714286 | H7: =COUNTIFS(TransactionsTable[customer_id],Table4[[#This Row],[customer_id]],TransactionsTable[risk_flag],"HIGH_RISK") -> 4 | I7: =IF(Table4[[#This Row],[decline_rate]]>=40%,"HIGH_DECLINE","NORMAL") -> HIGH_DECLINE | J7: =IF(Table4[[#This Row],[night_transaction_rate]]>=50%,"HIGH_ACTIVITY","NORMAL") -> NORMAL | K7: =IF(Table4[[#This Row],[high_risk_count]]>=5,"HIGH_RISK_ACTIVITY","NORMAL") -> NORMAL | L7: =IF(Table4[[#This Row],[transaction_count]]>=15,"HIGH_ACTIVITY","NORMAL") -> NORMAL | M7: =IF(Table4[[#This Row],[high_decline_flag]]="HIGH_DECLINE",1,0)+IF(Table4[[#This Row],[night_activity_flag]]="HIGH_ACTIVITY",1,0)+IF(Table4[[#This Row],[high_risk_tx_flag]]="HIGH_RISK_ACTIVITY",2,0)+IF(Table4[[#This Row],[high_activity_flag]]="HIGH_ACTIVITY",1,0) -> 1
A8: C107 | B8: =COUNTIF(TransactionsTable[customer_id],Customer_Risk_Profile!A8) -> 13 | C8: =SUMIF(TransactionsTable[customer_id],Customer_Risk_Profile!A8,TransactionsTable[amount]) -> 49277 | D8: =C8/B8 -> 3790.5385 | E8: =COUNTIFS(TransactionsTable[customer_id],A8,TransactionsTable[status],"DECLINED") -> 5 | F8: =IFERROR(E8/B8,0) -> 0.38461538 | G8: =COUNTIFS(TransactionsTable[customer_id],Table4[[#This Row],[customer_id]],TransactionsTable[is_night_transaction],1)/Table4[[#This Row],[transaction_count]] -> 0.46153846 | H8: =COUNTIFS(TransactionsTable[customer_id],Table4[[#This Row],[customer_id]],TransactionsTable[risk_flag],"HIGH_RISK") -> 5 | I8: =IF(Table4[[#This Row],[decline_rate]]>=40%,"HIGH_DECLINE","NORMAL") -> NORMAL | J8: =IF(Table4[[#This Row],[night_transaction_rate]]>=50%,"HIGH_ACTIVITY","NORMAL") -> NORMAL | K8: =IF(Table4[[#This Row],[high_risk_count]]>=5,"HIGH_RISK_ACTIVITY","NORMAL") -> HIGH_RISK_ACTIVITY | L8: =IF(Table4[[#This Row],[transaction_count]]>=15,"HIGH_ACTIVITY","NORMAL") -> NORMAL | M8: =IF(Table4[[#This Row],[high_decline_flag]]="HIGH_DECLINE",1,0)+IF(Table4[[#This Row],[night_activity_flag]]="HIGH_ACTIVITY",1,0)+IF(Table4[[#This Row],[high_risk_tx_flag]]="HIGH_RISK_ACTIVITY",2,0)+IF(Table4[[#This Row],[high_activity_flag]]="HIGH_ACTIVITY",1,0) -> 2
A9: C108 | B9: =COUNTIF(TransactionsTable[customer_id],Customer_Risk_Profile!A9) -> 11 | C9: =SUMIF(TransactionsTable[customer_id],Customer_Risk_Profile!A9,TransactionsTable[amount]) -> 95109 | D9: =C9/B9 -> 8646.2727 | E9: =COUNTIFS(TransactionsTable[customer_id],A9,TransactionsTable[status],"DECLINED") -> 4 | F9: =IFERROR(E9/B9,0) -> 0.36363636 | G9: =COUNTIFS(TransactionsTable[customer_id],Table4[[#This Row],[customer_id]],TransactionsTable[is_night_transaction],1)/Table4[[#This Row],[transaction_count]] -> 0.090909091 | H9: =COUNTIFS(TransactionsTable[customer_id],Table4[[#This Row],[customer_id]],TransactionsTable[risk_flag],"HIGH_RISK") -> 4 | I9: =IF(Table4[[#This Row],[decline_rate]]>=40%,"HIGH_DECLINE","NORMAL") -> NORMAL | J9: =IF(Table4[[#This Row],[night_transaction_rate]]>=50%,"HIGH_ACTIVITY","NORMAL") -> NORMAL | K9: =IF(Table4[[#This Row],[high_risk_count]]>=5,"HIGH_RISK_ACTIVITY","NORMAL") -> NORMAL | L9: =IF(Table4[[#This Row],[transaction_count]]>=15,"HIGH_ACTIVITY","NORMAL") -> NORMAL | M9: =IF(Table4[[#This Row],[high_decline_flag]]="HIGH_DECLINE",1,0)+IF(Table4[[#This Row],[night_activity_flag]]="HIGH_ACTIVITY",1,0)+IF(Table4[[#This Row],[high_risk_tx_flag]]="HIGH_RISK_ACTIVITY",2,0)+IF(Table4[[#This Row],[high_activity_flag]]="HIGH_ACTIVITY",1,0) -> 0
A10: C109 | B10: =COUNTIF(TransactionsTable[customer_id],Customer_Risk_Profile!A10) -> 19 | C10: =SUMIF(TransactionsTable[customer_id],Customer_Risk_Profile!A10,TransactionsTable[amount]) -> 92155 | D10: =C10/B10 -> 4850.2632 | E10: =COUNTIFS(TransactionsTable[customer_id],A10,TransactionsTable[status],"DECLINED") -> 6 | F10: =IFERROR(E10/B10,0) -> 0.31578947 | G10: =COUNTIFS(TransactionsTable[customer_id],Table4[[#This Row],[customer_id]],TransactionsTable[is_night_transaction],1)/Table4[[#This Row],[transaction_count]] -> 0.47368421 | H10: =COUNTIFS(TransactionsTable[customer_id],Table4[[#This Row],[customer_id]],TransactionsTable[risk_flag],"HIGH_RISK") -> 9 | I10: =IF(Table4[[#This Row],[decline_rate]]>=40%,"HIGH_DECLINE","NORMAL") -> NORMAL | J10: =IF(Table4[[#This Row],[night_transaction_rate]]>=50%,"HIGH_ACTIVITY","NORMAL") -> NORMAL | K10: =IF(Table4[[#This Row],[high_risk_count]]>=5,"HIGH_RISK_ACTIVITY","NORMAL") -> HIGH_RISK_ACTIVITY | L10: =IF(Table4[[#This Row],[transaction_count]]>=15,"HIGH_ACTIVITY","NORMAL") -> HIGH_ACTIVITY | M10: =IF(Table4[[#This Row],[high_decline_flag]]="HIGH_DECLINE",1,0)+IF(Table4[[#This Row],[night_activity_flag]]="HIGH_ACTIVITY",1,0)+IF(Table4[[#This Row],[high_risk_tx_flag]]="HIGH_RISK_ACTIVITY",2,0)+IF(Table4[[#This Row],[high_activity_flag]]="HIGH_ACTIVITY",1,0) -> 3
A11: C110 | B11: =COUNTIF(TransactionsTable[customer_id],Customer_Risk_Profile!A11) -> 16 | C11: =SUMIF(TransactionsTable[customer_id],Customer_Risk_Profile!A11,TransactionsTable[amount]) -> 47880 | D11: =C11/B11 -> 2992.5 | E11: =COUNTIFS(TransactionsTable[customer_id],A11,TransactionsTable[status],"DECLINED") -> 4 | F11: =IFERROR(E11/B11,0) -> 0.25 | G11: =COUNTIFS(TransactionsTable[customer_id],Table4[[#This Row],[customer_id]],TransactionsTable[is_night_transaction],1)/Table4[[#This Row],[transaction_count]] -> 0.0625 | H11: =COUNTIFS(TransactionsTable[customer_id],Table4[[#This Row],[customer_id]],TransactionsTable[risk_flag],"HIGH_RISK") -> 4 | I11: =IF(Table4[[#This Row],[decline_rate]]>=40%,"HIGH_DECLINE","NORMAL") -> NORMAL | J11: =IF(Table4[[#This Row],[night_transaction_rate]]>=50%,"HIGH_ACTIVITY","NORMAL") -> NORMAL | K11: =IF(Table4[[#This Row],[high_risk_count]]>=5,"HIGH_RISK_ACTIVITY","NORMAL") -> NORMAL | L11: =IF(Table4[[#This Row],[transaction_count]]>=15,"HIGH_ACTIVITY","NORMAL") -> HIGH_ACTIVITY | M11: =IF(Table4[[#This Row],[high_decline_flag]]="HIGH_DECLINE",1,0)+IF(Table4[[#This Row],[night_activity_flag]]="HIGH_ACTIVITY",1,0)+IF(Table4[[#This Row],[high_risk_tx_flag]]="HIGH_RISK_ACTIVITY",2,0)+IF(Table4[[#This Row],[high_activity_flag]]="HIGH_ACTIVITY",1,0) -> 1
A12: C111 | B12: =COUNTIF(TransactionsTable[customer_id],Customer_Risk_Profile!A12) -> 5 | C12: =SUMIF(TransactionsTable[customer_id],Customer_Risk_Profile!A12,TransactionsTable[amount]) -> 27557 | D12: =C12/B12 -> 5511.4 | E12: =COUNTIFS(TransactionsTable[customer_id],A12,TransactionsTable[status],"DECLINED") -> 2 | F12: =IFERROR(E12/B12,0) -> 0.4 | G12: =COUNTIFS(TransactionsTable[customer_id],Table4[[#This Row],[customer_id]],TransactionsTable[is_night_transaction],1)/Table4[[#This Row],[transaction_count]] -> 0.8 | H12: =COUNTIFS(TransactionsTable[customer_id],Table4[[#This Row],[customer_id]],TransactionsTable[risk_flag],"HIGH_RISK") -> 4 | I12: =IF(Table4[[#This Row],[decline_rate]]>=40%,"HIGH_DECLINE","NORMAL") -> HIGH_DECLINE | J12: =IF(Table4[[#This Row],[night_transaction_rate]]>=50%,"HIGH_ACTIVITY","NORMAL") -> HIGH_ACTIVITY | K12: =IF(Table4[[#This Row],[high_risk_count]]>=5,"HIGH_RISK_ACTIVITY","NORMAL") -> NORMAL | L12: =IF(Table4[[#This Row],[transaction_count]]>=15,"HIGH_ACTIVITY","NORMAL") -> NORMAL | M12: =IF(Table4[[#This Row],[high_decline_flag]]="HIGH_DECLINE",1,0)+IF(Table4[[#This Row],[night_activity_flag]]="HIGH_ACTIVITY",1,0)+IF(Table4[[#This Row],[high_risk_tx_flag]]="HIGH_RISK_ACTIVITY",2,0)+IF(Table4[[#This Row],[high_activity_flag]]="HIGH_ACTIVITY",1,0) -> 2
A13: C112 | B13: =COUNTIF(TransactionsTable[customer_id],Customer_Risk_Profile!A13) -> 7 | C13: =SUMIF(TransactionsTable[customer_id],Customer_Risk_Profile!A13,TransactionsTable[amount]) -> 58188 | D13: =C13/B13 -> 8312.5714 | E13: =COUNTIFS(TransactionsTable[customer_id],A13,TransactionsTable[status],"DECLINED") -> 2 | F13: =IFERROR(E13/B13,0) -> 0.28571429 | G13: =COUNTIFS(TransactionsTable[customer_id],Table4[[#This Row],[customer_id]],TransactionsTable[is_night_transaction],1)/Table4[[#This Row],[transaction_count]] -> 0.42857143 | H13: =COUNTIFS(TransactionsTable[customer_id],Table4[[#This Row],[customer_id]],TransactionsTable[risk_flag],"HIGH_RISK") -> 3 | I13: =IF(Table4[[#This Row],[decline_rate]]>=40%,"HIGH_DECLINE","NORMAL") -> NORMAL | J13: =IF(Table4[[#This Row],[night_transaction_rate]]>=50%,"HIGH_ACTIVITY","NORMAL") -> NORMAL | K13: =IF(Table4[[#This Row],[high_risk_count]]>=5,"HIGH_RISK_ACTIVITY","NORMAL") -> NORMAL | L13: =IF(Table4[[#This Row],[transaction_count]]>=15,"HIGH_ACTIVITY","NORMAL") -> NORMAL | M13: =IF(Table4[[#This Row],[high_decline_flag]]="HIGH_DECLINE",1,0)+IF(Table4[[#This Row],[night_activity_flag]]="HIGH_ACTIVITY",1,0)+IF(Table4[[#This Row],[high_risk_tx_flag]]="HIGH_RISK_ACTIVITY",2,0)+IF(Table4[[#This Row],[high_activity_flag]]="HIGH_ACTIVITY",1,0) -> 0
... A21: C120 | B21: =COUNTIF(TransactionsTable[customer_id],Customer_Risk_Profile!A21) -> 6 | C21: =SUMIF(TransactionsTable[customer_id],Customer_Risk_Profile!A21,TransactionsTable[amount]) -> 24451 | D21: =C21/B21 -> 4075.1667 | E21: =COUNTIFS(TransactionsTable[customer_id],A21,TransactionsTable[status],"DECLINED") -> 1 | F21: =IFERROR(E21/B21,0) -> 0.16666667 | G21: =COUNTIFS(TransactionsTable[customer_id],Table4[[#This Row],[customer_id]],TransactionsTable[is_night_transaction],1)/Table4[[#This Row],[transaction_count]] -> 0.33333333 | H21: =COUNTIFS(TransactionsTable[customer_id],Table4[[#This Row],[customer_id]],TransactionsTable[risk_flag],"HIGH_RISK") -> 1 | I21: =IF(Table4[[#This Row],[decline_rate]]>=40%,"HIGH_DECLINE","NORMAL") -> NORMAL | J21: =IF(Table4[[#This Row],[night_transaction_rate]]>=50%,"HIGH_ACTIVITY","NORMAL") -> NORMAL | K21: =IF(Table4[[#This Row],[high_risk_count]]>=5,"HIGH_RISK_ACTIVITY","NORMAL") -> NORMAL | L21: =IF(Table4[[#This Row],[transaction_count]]>=15,"HIGH_ACTIVITY","NORMAL") -> NORMAL | M21: =IF(Table4[[#This Row],[high_decline_flag]]="HIGH_DECLINE",1,0)+IF(Table4[[#This Row],[night_activity_flag]]="HIGH_ACTIVITY",1,0)+IF(Table4[[#This Row],[high_risk_tx_flag]]="HIGH_RISK_ACTIVITY",2,0)+IF(Table4[[#This Row],[high_activity_flag]]="HIGH_ACTIVITY",1,0) -> 0
C24: risk_score | D24: Count of customer_id
C25: 0 | D25: 10
C26: 1 | D26: 5
C27: 2 | D27: 3
C28: 3 | D28: 2
C29: Grand Total | D29: 20

Sheet Rule Effectiveness Analysis
A1: risk_flag | B1: HIGH_RISK
A3: merchant_category | B3: Count of transaction_id | F3: Count of transaction_id | G3: risk_flag
A4: Crypto | B4: 17 | F4: merchant_category | G4: HIGH_RISK | H4: NORMAL | I4: Grand Total
A5: Electronics | B5: 11 | F5: Corporate | G5: 0 | H5: 1 | I5: 1
A6: Gambling | B6: 18 | F6: Crypto | G6: 0.53125 | H6: 0.46875 | I6: 1
A7: Retail | B7: 3 | F7: Electronics | G7: 0.25 | H7: 0.75 | I7: 1
A8: Travel | B8: 12 | F8: Gambling | G8: 0.47368421 | H8: 0.52631579 | I8: 1
A9: Grand Total | B9: 61 | F9: Retail | G9: 0.075 | H9: 0.925 | I9: 1
F10: Travel | G10: 0.27272727 | H10: 0.72727273 | I10: 1
F11: Grand Total | G11: 0.305 | H11: 0.695 | I11: 1

Sheet Fact_Reviews
A1: transaction_id | B1: review_result | C1: review_reason | D1: manual_review_priority | E1: customer_risk_score
A2: T1003 | B2: CONFIRMED_RISK | C2: high amount+night+crypto+declined | D2: =_xlfn.XLOOKUP(Table5[[#This Row],[transaction_id]],Fact_Transactions!A4:A200,Fact_Transactions!M4:M200) -> HIGH | E2: =_xlfn.XLOOKUP(Table5[[#This Row],[transaction_id]],TransactionsTable[transaction_id],TransactionsTable[customer_risk_score]) -> 2 | I2: Count of transaction_id | J2: review_result
A3: T1017 | B3: PENDING | C3: only crypto+declined | D3: =_xlfn.XLOOKUP(Table5[[#This Row],[transaction_id]],Fact_Transactions!A5:A201,Fact_Transactions!M5:M201) -> HIGH | E3: =_xlfn.XLOOKUP(Table5[[#This Row],[transaction_id]],TransactionsTable[transaction_id],TransactionsTable[customer_risk_score]) -> 3 | I3: manual_review_priority | J3: CONFIRMED_RISK | K3: PENDING | L3: Grand Total
A4: T1029 | B4: CONFIRMED_RISK | C4: high amount+gambling+declined | D4: =_xlfn.XLOOKUP(Table5[[#This Row],[transaction_id]],Fact_Transactions!A6:A202,Fact_Transactions!M6:M202) -> URGENT | E4: =_xlfn.XLOOKUP(Table5[[#This Row],[transaction_id]],TransactionsTable[transaction_id],TransactionsTable[customer_risk_score]) -> 0 | I4: HIGH | J4: 9 | K4: 3 | L4: 12
A5: T1039 | B5: PENDING | C5: high amount+night | D5: =_xlfn.XLOOKUP(Table5[[#This Row],[transaction_id]],Fact_Transactions!A7:A203,Fact_Transactions!M7:M203) -> URGENT | E5: =_xlfn.XLOOKUP(Table5[[#This Row],[transaction_id]],TransactionsTable[transaction_id],TransactionsTable[customer_risk_score]) -> 0 | I5: URGENT | J5: 6 | K5: 2 | L5: 8
A6: T1051 | B6: CONFIRMED_RISK | C6: high amount+nigh+declined | D6: =_xlfn.XLOOKUP(Table5[[#This Row],[transaction_id]],Fact_Transactions!A8:A204,Fact_Transactions!M8:M204) -> HIGH | E6: =_xlfn.XLOOKUP(Table5[[#This Row],[transaction_id]],TransactionsTable[transaction_id],TransactionsTable[customer_risk_score]) -> 2 | I6: Grand Total | J6: 15 | K6: 5 | L6: 20
A7: T1060 | B7: CONFIRMED_RISK | C7: high amount+night | D7: =_xlfn.XLOOKUP(Table5[[#This Row],[transaction_id]],Fact_Transactions!A9:A205,Fact_Transactions!M9:M205) -> HIGH | E7: =_xlfn.XLOOKUP(Table5[[#This Row],[transaction_id]],TransactionsTable[transaction_id],TransactionsTable[customer_risk_score]) -> 0
A8: T1070 | B8: CONFIRMED_RISK | C8: high amount+night+declined | D8: =_xlfn.XLOOKUP(Table5[[#This Row],[transaction_id]],Fact_Transactions!A10:A206,Fact_Transactions!M10:M206) -> HIGH | E8: =_xlfn.XLOOKUP(Table5[[#This Row],[transaction_id]],TransactionsTable[transaction_id],TransactionsTable[customer_risk_score]) -> 3
A9: T1072 | B9: CONFIRMED_RISK | C9: high amount+night | D9: =_xlfn.XLOOKUP(Table5[[#This Row],[transaction_id]],Fact_Transactions!A11:A207,Fact_Transactions!M11:M207) -> URGENT | E9: =_xlfn.XLOOKUP(Table5[[#This Row],[transaction_id]],TransactionsTable[transaction_id],TransactionsTable[customer_risk_score]) -> 1
A10: T1073 | B10: CONFIRMED_RISK | C10: high amount+nigh+declined | D10: =_xlfn.XLOOKUP(Table5[[#This Row],[transaction_id]],Fact_Transactions!A12:A208,Fact_Transactions!M12:M208) -> URGENT | E10: =_xlfn.XLOOKUP(Table5[[#This Row],[transaction_id]],TransactionsTable[transaction_id],TransactionsTable[customer_risk_score]) -> 0
A11: T1086 | B11: CONFIRMED_RISK | C11: high amount+gambling+night | D11: =_xlfn.XLOOKUP(Table5[[#This Row],[transaction_id]],Fact_Transactions!A13:A209,Fact_Transactions!M13:M209) -> URGENT | E11: =_xlfn.XLOOKUP(Table5[[#This Row],[transaction_id]],TransactionsTable[transaction_id],TransactionsTable[customer_risk_score]) -> 0
A12: T1100 | B12: CONFIRMED_RISK | C12: high amount+crypto+night | D12: =_xlfn.XLOOKUP(Table5[[#This Row],[transaction_id]],Fact_Transactions!A14:A210,Fact_Transactions!M14:M210) -> HIGH | E12: =_xlfn.XLOOKUP(Table5[[#This Row],[transaction_id]],TransactionsTable[transaction_id],TransactionsTable[customer_risk_score]) -> 3
A13: T1116 | B13: CONFIRMED_RISK | C13: high amount+nigh+declined | D13: =_xlfn.XLOOKUP(Table5[[#This Row],[transaction_id]],Fact_Transactions!A15:A211,Fact_Transactions!M15:M211) -> URGENT | E13: =_xlfn.XLOOKUP(Table5[[#This Row],[transaction_id]],TransactionsTable[transaction_id],TransactionsTable[customer_risk_score]) -> 0 | I13: Count of transaction_id | J13: manual_review_priority
A14: T1121 | B14: PENDING | C14: amount=3300+night | D14: =_xlfn.XLOOKUP(Table5[[#This Row],[transaction_id]],Fact_Transactions!A16:A212,Fact_Transactions!M16:M212) -> HIGH | E14: =_xlfn.XLOOKUP(Table5[[#This Row],[transaction_id]],TransactionsTable[transaction_id],TransactionsTable[customer_risk_score]) -> 3 | I14: customer_risk_score | J14: HIGH | K14: URGENT | L14: Grand Total
A15: T1134 | B15: CONFIRMED_RISK | C15: high amount+gambling+night | D15: =_xlfn.XLOOKUP(Table5[[#This Row],[transaction_id]],Fact_Transactions!A17:A213,Fact_Transactions!M17:M213) -> HIGH | E15: =_xlfn.XLOOKUP(Table5[[#This Row],[transaction_id]],TransactionsTable[transaction_id],TransactionsTable[customer_risk_score]) -> 2 | I15: 0 | J15: 1 | K15: 5 | L15: 6
A16: T1138 | B16: CONFIRMED_RISK | C16: high amount+crypto+night | D16: =_xlfn.XLOOKUP(Table5[[#This Row],[transaction_id]],Fact_Transactions!A18:A214,Fact_Transactions!M18:M214) -> HIGH | E16: =_xlfn.XLOOKUP(Table5[[#This Row],[transaction_id]],TransactionsTable[transaction_id],TransactionsTable[customer_risk_score]) -> 3 | I16: 1 | K16: 3 | L16: 3
A17: T1146 | B17: CONFIRMED_RISK | C17: very high amount+gambling+declined | D17: =_xlfn.XLOOKUP(Table5[[#This Row],[transaction_id]],Fact_Transactions!A19:A215,Fact_Transactions!M19:M215) -> URGENT | E17: =_xlfn.XLOOKUP(Table5[[#This Row],[transaction_id]],TransactionsTable[transaction_id],TransactionsTable[customer_risk_score]) -> 1 | I17: 2 | J17: 5 | L17: 5
A18: T1169 | B18: PENDING | C18: only declined gambling | D18: =_xlfn.XLOOKUP(Table5[[#This Row],[transaction_id]],Fact_Transactions!A20:A216,Fact_Transactions!M20:M216) -> URGENT | E18: =_xlfn.XLOOKUP(Table5[[#This Row],[transaction_id]],TransactionsTable[transaction_id],TransactionsTable[customer_risk_score]) -> 1 | I18: 3 | J18: 6 | L18: 6
A19: T1177 | B19: PENDING | C19: only declined gambling | D19: =_xlfn.XLOOKUP(Table5[[#This Row],[transaction_id]],Fact_Transactions!A21:A217,Fact_Transactions!M21:M217) -> HIGH | E19: =_xlfn.XLOOKUP(Table5[[#This Row],[transaction_id]],TransactionsTable[transaction_id],TransactionsTable[customer_risk_score]) -> 2 | I19: Grand Total | J19: 12 | K19: 8 | L19: 20
A20: T1182 | B20: CONFIRMED_RISK | C20: high amount+nigh+declined | D20: =_xlfn.XLOOKUP(Table5[[#This Row],[transaction_id]],Fact_Transactions!A22:A218,Fact_Transactions!M22:M218) -> HIGH | E20: =_xlfn.XLOOKUP(Table5[[#This Row],[transaction_id]],TransactionsTable[transaction_id],TransactionsTable[customer_risk_score]) -> 2
A21: T1183 | B21: CONFIRMED_RISK | C21: high amount+nigh+declined | D21: =_xlfn.XLOOKUP(Table5[[#This Row],[transaction_id]],Fact_Transactions!A23:A219,Fact_Transactions!M23:M219) -> HIGH | E21: =_xlfn.XLOOKUP(Table5[[#This Row],[transaction_id]],TransactionsTable[transaction_id],TransactionsTable[customer_risk_score]) -> 3
